{"indigo": "#4B0082", "gold": "#FFD700", "hotpink": "#FF69B4", "firebrick": "#B22222", "indianred": "#CD5C5C", "sage": "#87AE73", "yellow": "#FFFF00", "mistyrose": "#FFE4E1", "darkolivegreen": "#556B2F", "olive": "#808000", "darkseagreen": "#8FBC8F", "pink": "#FFC0CB", "tomato": "#FF6347", "lightcoral": "#F08080", "orangered": "#FF4500", "navajowhite": "#FFDEAD", "lime": "#00FF00", "palegreen": "#98FB98", "greenyellow": "#ADFF2F", "burlywood": "#DEB887", "seashell": "#FFF5EE", "mediumspringgreen": "#00FA9A", "fuchsia": "#FF00FF", "papayawhip": "#FFEFD5", "blanchedalmond": "#FFEBCD", "chartreuse": "#7FFF00", "dimgray": "#696969", "black": "#000000", "peachpuff": "#FFDAB9", "springgreen": "#00FF7F", "aquamarine": "#7FFFD4", "white": "#FFFFFF", "b": "#0000FF", "orange": "#FFA500", "lightsalmon": "#FFA07A", "darkslategray": "#2F4F4F", "brown": "#A52A2A", "ivory": "#FFFFF0", "dodgerblue": "#1E90FF", "peru": "#CD853F", "lawngreen": "#7CFC00", "chocolate": "#D2691E", "crimson": "#DC143C", "forestgreen": "#228B22", "slateblue": "#6A5ACD", "lightseagreen": "#20B2AA", "cyan": "#00FFFF", "mintcream": "#F5FFFA", "silver": "#C0C0C0", "antiquewhite": "#FAEBD7", "mediumorchid": "#BA55D3", "skyblue": "#87CEEB", "gray": "#808080", "darkturquoise": "#00CED1", "goldenrod": "#DAA520", "darkgreen": "#006400", "floralwhite": "#FFFAF0", "darkviolet": "#9400D3", "darkgray": "#A9A9A9", "moccasin": "#FFE4B5", "saddlebrown": "#8B4513", "darkslateblue": "#483D8B", "lightskyblue": "#87CEFA", "lightpink": "#FFB6C1", "mediumvioletred": "#C71585", "r": "#FF0000", "red": "#FF0000", "deeppink": "#FF1493", "limegreen": "#32CD32", "k": "#000000", "darkmagenta": "#8B008B", "palegoldenrod": "#EEE8AA", "plum": "#DDA0DD", "turquoise": "#40E0D0", "m": "#FF00FF", "lightgoldenrodyellow": "#FAFAD2", "darkgoldenrod": "#B8860B", "lavender": "#E6E6FA", "maroon": "#800000", "yellowgreen": "#9ACD32", "sandybrown": "#FAA460", "thistle": "#D8BFD8", "violet": "#EE82EE", "navy": "#000080", "magenta": "#FF00FF", "tan": "#D2B48C", "rosybrown": "#BC8F8F", "olivedrab": "#6B8E23", "blue": "#0000FF", "lightblue": "#ADD8E6", "ghostwhite": "#F8F8FF", "honeydew": "#F0FFF0", "cornflowerblue": "#6495ED", "linen": "#FAF0E6", "darkblue": "#00008B", "powderblue": "#B0E0E6", "seagreen": "#2E8B57", "darkkhaki": "#BDB76B", "snow": "#FFFAFA", "sienna": "#A0522D", "mediumblue": "#0000CD", "royalblue": "#4169E1", "lightcyan": "#E0FFFF", "green": "#008000", "mediumpurple": "#9370DB", "midnightblue": "#191970", "cornsilk": "#FFF8DC", "paleturquoise": "#AFEEEE", "bisque": "#FFE4C4", "slategray": "#708090", "darkcyan": "#008B8B", "khaki": "#F0E68C", "wheat": "#F5DEB3", "teal": "#008080", "darkorchid": "#9932CC", "deepskyblue": "#00BFFF", "salmon": "#FA8072", "y": "#FFFF00", "darkred": "#8B0000", "steelblue": "#4682B4", "g": "#008000", "palevioletred": "#DB7093", "lightslategray": "#778899", "aliceblue": "#F0F8FF", "lightgreen": "#90EE90", "orchid": "#DA70D6", "gainsboro": "#DCDCDC", "mediumseagreen": "#3CB371", "lightgray": "#D3D3D3", "c": "#00FFFF", "mediumturquoise": "#48D1CC", "darksage": "#598556", "lemonchiffon": "#FFFACD", "cadetblue": "#5F9EA0", "lightyellow": "#FFFFE0", "lavenderblush": "#FFF0F5", "coral": "#FF7F50", "purple": "#800080", "aqua": "#00FFFF", "lightsage": "#BCECAC", "whitesmoke": "#F5F5F5", "mediumslateblue": "#7B68EE", "darkorange": "#FF8C00", "mediumaquamarine": "#66CDAA", "darksalmon": "#E9967A", "beige": "#F5F5DC", "w": "#FFFFFF", "blueviolet": "#8A2BE2", "azure": "#F0FFFF", "lightsteelblue": "#B0C4DE", "oldlace": "#FDF5E6"}
