{"Spectral": "Diverging", "RdYlGn": "Diverging", "Set2": "Qualitative", "Accent": "Qualitative", "OrRd": "Sequential", "Set1": "Qualitative", "PuBu": "Sequential", "Set3": "Qualitative", "BuPu": "Sequential", "Dark2": "Qualitative", "RdBu": "Diverging", "BuGn": "Sequential", "PiYG": "Diverging", "YlOrBr": "Sequential", "YlGn": "Sequential", "RdPu": "Sequential", "PRGn": "Diverging", "YlGnBu": "Sequential", "RdYlBu": "Diverging", "Paired": "Qualitative", "Pastel2": "Qualitative", "Pastel1": "Qualitative", "GnBu": "Sequential", "RdGy": "Diverging", "YlOrRd": "Sequential", "PuOr": "Diverging", "PuRd": "Sequential", "BrBG": "Diverging", "PuBuGn": "Sequential", "Greens": "Sequential", "viridis": "Sequential", "plasma": "Sequential", "inferno": "Sequential", "magma": "Sequential", "Oranges": "Sequential", "Blues": "Sequential", "Greys": "Sequential", "Reds": "Sequential", "Purples": "Sequential"}
